,predictedValues,rowNumber
0,1,446
1,1,7076
2,1,1191
3,1,2618
4,1,5067
5,1,191
6,1,2601
7,1,3300
8,1,6729
9,1,4824
10,1,6848
11,1,1238
12,1,199
13,1,3703
14,1,6984
15,1,3601
16,1,1737
17,1,6992
18,1,9921
19,1,5593
20,1,2910
21,1,8041
22,1,8525
23,0,4475
24,1,7611
25,1,2405
26,1,9048
27,1,146
28,1,2049
29,1,2964
30,1,8868
31,0,9211
32,1,8598
33,1,1123
34,1,3894
35,1,5175
36,1,2477
37,1,5531
38,1,7916
39,1,5441
40,1,5764
41,1,3779
42,1,8844
43,1,4227
44,1,7525
45,1,3002
46,1,6076
47,1,7154
48,1,1108
49,1,5754
50,1,7020
51,1,4094
52,1,1552
53,0,8607
54,1,3913
55,1,5295
56,1,931
57,1,130
58,1,9041
59,1,3420
60,1,4347
61,1,8329
62,1,1288
63,1,9931
64,1,6441
65,1,5052
66,1,7960
67,1,5127
68,0,4137
69,0,3481
70,1,9585
71,1,9976
72,1,2828
73,1,6088
74,1,7696
75,1,1580
76,1,1571
77,1,7750
78,1,4831
79,1,6951
80,1,8367
81,1,1799
82,1,4199
83,1,8046
84,1,9150
85,1,4538
86,1,8352
87,0,589
88,1,3132
89,1,2208
90,1,2383
91,1,6131
92,1,4467
93,1,5117
94,1,6584
95,1,1713
96,1,2863
97,1,5059
98,1,5864
99,1,9241
100,1,9917
101,1,3643
102,1,7143
103,1,62
104,1,7385
105,1,6687
106,1,6700
107,1,2850
108,1,8670
109,1,1140
110,1,5280
111,1,2515
112,1,4399
113,1,6145
114,1,6481
115,1,1513
116,1,9709
117,1,7401
118,1,1762
119,1,5478
120,1,8480
121,1,636
122,1,1963
123,1,400
124,0,2893
125,1,5907
126,1,504
127,1,712
128,1,1506
129,1,8653
130,1,8706
131,1,8964
132,1,3990
133,1,5164
134,1,7269
135,1,9580
136,1,3199
137,0,3772
138,1,9913
139,0,4381
140,1,5981
141,1,5228
142,1,7305
143,0,4027
144,1,5424
145,1,1413
146,1,8772
147,1,8611
148,1,4654
149,1,7183
150,1,3257
151,1,1832
152,1,9949
153,1,3885
154,1,4462
155,1,2823
156,1,2927
157,1,9262
158,1,2594
159,1,8668
160,0,8004
161,1,7569
162,1,3680
163,1,2072
164,1,9639
165,1,7962
166,1,7860
167,1,6627
168,1,8040
169,1,1018
170,1,2861
171,1,6717
172,1,2817
173,0,7253
174,1,1948
175,1,8280
176,1,4438
177,1,5959
178,1,7684
179,1,454
180,1,8731
181,1,1593
182,1,1775
183,1,7803
184,1,3061
185,1,8766
186,1,5810
187,1,9014
188,1,9658
189,1,8301
190,1,3127
191,1,4958
192,1,9445
193,1,8861
194,1,1175
195,1,6602
196,1,7343
197,1,5056
198,1,654
199,1,6264
200,1,6775
201,1,9787
202,1,462
203,1,9292
204,1,9688
205,0,5388
206,1,5492
207,1,9965
208,1,6671
209,1,9746
210,1,6379
211,1,7676
212,1,138
213,1,9010
214,1,576
215,1,3714
216,1,2874
217,1,5404
218,1,8036
219,1,7708
220,1,2955
221,1,1295
222,1,4861
223,1,2066
224,1,7057
225,1,861
226,1,3151
227,1,5601
228,1,4091
229,1,3588
230,1,8215
231,1,3974
232,1,8514
233,1,9293
234,1,6525
235,1,5940
236,1,5201
237,0,9039
238,1,1605
239,1,8833
240,1,7638
241,1,6075
242,1,445
243,1,6191
244,1,3343
245,1,3783
246,0,4637
247,1,3290
248,1,3429
249,1,2381
250,1,8790
251,1,4615
252,1,5324
253,1,295
254,1,1025
255,1,5689
256,1,8118
257,1,7554
258,1,8748
259,1,7649
260,1,2327
261,1,5714
262,1,3218
263,1,2403
264,1,5161
265,1,6916
266,1,6408
267,1,7212
268,1,2449
269,1,5921
270,1,5426
271,1,9678
272,1,3748
273,1,7936
274,1,4022
275,1,2044
276,1,3817
277,1,3848
278,1,8811
279,1,4058
280,1,312
281,1,7654
282,1,1369
283,1,4886
284,1,2386
285,1,7680
286,1,6788
287,1,5405
288,1,363
289,0,4565
290,1,177
291,1,1433
292,1,2142
293,1,3173
294,1,987
295,1,4889
296,1,8336
297,1,9946
298,1,2141
299,1,7628
300,1,8394
301,1,8757
302,1,7811
303,1,8165
304,1,5156
305,1,3646
306,1,2157
307,1,6596
308,1,3230
309,1,9801
310,1,7158
311,1,6002
312,1,8510
313,1,7880
314,1,9442
315,1,1491
316,1,460
317,1,3574
318,1,8883
319,1,1951
320,1,2325
321,1,737
322,1,1591
323,1,4933
324,1,5437
325,1,4198
326,1,15
327,1,5719
328,1,7695
329,1,9062
330,0,3847
331,1,1043
332,1,1388
333,1,4300
334,1,3062
335,1,7140
336,1,1087
337,1,8225
338,1,8697
339,1,2510
340,1,2484
341,1,6136
342,1,8072
343,1,5468
344,1,1537
345,1,1372
346,1,9153
347,1,7834
348,1,2535
349,1,641
350,1,8544
351,1,8590
352,1,7368
353,1,778
354,1,6015
355,1,50
356,1,4915
357,1,7937
358,1,6097
359,1,4855
360,1,8491
361,1,3268
362,0,2860
363,1,2882
364,1,7921
365,1,1532
366,1,773
367,1,410
368,1,9968
369,1,1451
370,1,7872
371,1,1248
372,1,4169
373,0,7251
374,1,1645
375,1,4112
376,1,7632
377,1,3533
378,1,483
379,1,3047
380,1,3287
381,1,2653
382,1,3770
383,1,9111
384,1,4585
385,1,9986
386,1,8709
387,1,8708
388,1,8229
389,1,4790
390,1,6530
391,1,4298
392,1,5513
393,1,2831
394,1,879
395,1,7180
396,1,5599
397,1,2686
398,1,2159
399,1,706
400,1,7650
401,1,6299
402,1,6358
403,1,9683
404,1,977
405,1,1255
406,1,7580
407,1,3666
408,1,9555
409,1,3655
410,1,6022
411,1,7835
412,1,9233
413,1,9400
414,1,3712
415,0,4899
416,0,4639
417,1,7171
418,1,8892
419,1,8223
420,1,8551
421,1,3194
422,1,8902
423,1,6990
424,1,8650
425,1,3820
426,1,1072
427,1,9531
428,1,2868
429,1,472
430,1,9923
431,1,8260
432,1,9121
433,1,1209
434,0,4232
435,1,3980
436,1,4110
437,1,4517
438,1,6161
439,1,1219
440,1,7127
441,1,91
442,1,9898
443,1,8566
444,1,1957
445,1,9283
446,1,502
447,1,3088
448,1,2181
449,1,2559
450,0,2103
451,0,757
452,1,9018
453,1,6220
454,1,6557
455,1,5244
456,1,7260
457,1,1908
458,1,4810
459,1,740
460,1,393
461,1,8503
462,1,1658
463,1,4142
464,0,4294
465,1,5759
466,1,8711
467,1,7853
468,0,2344
469,1,584
470,1,9813
471,1,3208
472,1,1064
473,1,6629
474,1,2631
475,1,6783
476,1,1742
477,1,8710
478,1,2444
479,1,9222
480,1,5403
481,1,5040
482,1,6987
483,1,2039
484,1,7581
485,1,214
486,1,5613
487,1,3618
488,0,4755
489,1,9429
490,1,5152
491,1,4240
492,1,2184
493,1,2010
494,1,5690
495,1,3205
496,1,1479
497,1,8899
498,1,501
499,1,1738
500,1,8176
501,1,9383
502,1,2340
503,1,8908
504,1,2276
505,0,5387
506,1,1800
507,1,1306
508,1,3754
509,1,1912
510,1,5611
511,1,7045
512,1,6899
513,1,5003
514,0,6502
515,1,1258
516,1,8632
517,1,5520
518,1,2437
519,1,3503
520,1,2328
521,1,3438
522,1,6957
523,1,5631
524,1,8934
525,0,3388
526,1,832
527,1,7974
528,1,1609
529,1,9164
530,1,700
531,1,9054
532,1,427
533,1,8485
534,1,8802
535,1,3513
536,1,6343
537,1,9334
538,1,2409
539,1,835
540,1,5984
541,0,6169
542,1,1501
543,1,5051
544,1,9461
545,1,1534
546,1,8548
547,1,3521
548,1,1151
549,1,8781
550,1,7215
551,1,9486
552,1,6444
553,1,5446
554,0,8022
555,1,6594
556,1,7873
557,1,9338
558,1,9571
559,1,1975
560,1,5896
561,1,6764
562,1,2368
563,1,8920
564,1,6026
565,1,4348
566,1,3787
567,1,5789
568,1,7131
569,1,4931
570,1,4148
571,1,7297
572,1,1864
573,1,8379
574,1,9432
575,1,1852
576,1,5251
577,1,6039
578,1,2222
579,1,417
580,1,1223
581,1,5101
582,1,1652
583,1,810
584,1,3732
585,1,797
586,1,7809
587,1,8347
588,1,5368
589,1,989
590,1,9197
591,1,9260
592,1,5293
593,1,261
594,1,5248
595,1,3235
596,1,6301
597,1,5202
598,1,3746
599,1,6293
600,1,8281
601,1,2191
602,1,6440
603,1,2336
604,1,4019
605,1,3129
606,1,5429
607,0,4561
608,1,6254
609,1,2228
610,1,5900
611,1,2306
612,0,5998
613,1,4355
614,1,5224
615,1,3349
616,1,3431
617,1,1607
618,1,4178
619,1,9240
620,1,6479
621,1,7533
622,1,6582
623,1,833
624,1,9088
625,1,1348
626,1,7797
627,1,3526
628,0,3502
629,1,3809
630,1,4530
631,1,6009
632,1,4338
633,1,3512
634,1,4041
635,1,2592
636,1,3489
637,1,2959
638,1,7795
639,1,3507
640,1,7014
641,1,9423
642,1,7828
643,1,8164
644,1,6971
645,1,7969
646,1,5756
647,1,2738
648,0,2453
649,0,4659
650,1,4403
651,1,5790
652,1,1673
653,1,5054
654,0,4474
655,1,7798
656,1,8578
657,1,1317
658,1,6232
659,1,8262
660,1,9945
661,1,818
662,1,2382
663,1,8818
664,1,71
665,1,1267
666,1,1578
667,1,9213
668,0,1681
669,1,3967
670,1,1326
671,1,1366
672,1,3677
673,1,9718
674,1,1091
675,1,2457
676,1,8808
677,1,6834
678,1,5679
679,1,9507
680,1,9274
681,1,4020
682,1,656
683,1,1772
684,1,3111
685,1,6290
686,1,5657
687,1,1751
688,1,75
689,1,5661
690,1,1928
691,1,1543
692,1,3615
693,1,8219
694,1,3505
695,1,5339
696,1,6380
697,1,1964
698,1,2129
699,1,2241
700,1,3667
701,1,6714
702,1,6389
703,1,2593
704,1,171
705,1,5841
706,1,2097
707,1,9624
708,1,5267
709,1,3251
710,1,9859
711,1,5139
712,1,3206
713,1,9780
714,1,3586
715,1,3722
716,1,1815
717,1,2346
718,1,6149
719,1,2707
720,1,5849
721,1,5793
722,1,1310
723,1,5372
724,1,210
725,0,3443
726,1,2902
727,1,4529
728,1,9505
729,1,8906
730,1,9649
731,1,2899
732,1,285
733,1,6352
734,1,3080
735,1,9157
736,1,1005
737,1,9602
738,1,8283
739,1,457
740,1,8683
741,0,7086
742,1,4231
743,1,8954
744,1,6042
745,1,352
746,1,399
747,0,3450
748,1,1190
749,1,4307
750,1,217
751,1,3605
752,1,9060
753,1,7914
754,1,7609
755,1,3048
756,1,3883
757,1,9194
758,0,6340
759,1,321
760,1,186
761,1,5565
762,1,3090
763,1,6271
764,1,1839
765,1,2258
766,1,529
767,1,4578
768,1,4843
769,1,7216
770,1,5208
771,1,2800
772,1,5653
773,1,3802
774,1,2351
775,1,1862
776,1,3731
777,1,822
778,1,7849
779,1,10
780,1,9955
781,1,6973
782,0,5218
783,0,4761
784,0,4743
785,1,6122
786,1,3880
787,1,2240
788,1,1909
789,1,5470
790,1,8929
791,1,5769
792,1,548
793,1,6940
794,1,5833
795,1,5711
796,1,9984
797,1,1176
798,1,390
799,1,8769
800,1,216
801,1,3905
802,1,7482
803,1,3520
804,1,9657
805,1,7932
806,1,9552
807,1,3102
808,1,7668
809,1,937
810,1,5453
811,1,8252
812,1,6956
813,1,2492
814,1,1438
815,1,3707
816,0,758
817,1,1456
818,1,5835
819,1,5709
820,1,9702
821,0,3943
822,1,6261
823,1,6158
824,1,5762
825,0,4256
826,1,3979
827,1,1665
828,1,9513
829,1,6585
830,1,9337
831,1,1027
832,1,4012
833,1,3803
834,1,8366
835,1,4945
836,1,814
837,0,4604
838,0,2668
839,1,9339
840,1,4007
841,1,8424
842,1,4914
843,1,9444
844,1,9621
845,1,955
846,1,7437
847,1,5409
848,1,3407
849,1,6758
850,1,6556
851,1,4543
852,1,9296
853,1,2550
854,1,282
855,1,3553
856,1,6218
857,1,9253
858,1,6738
859,1,6927
860,1,9903
861,1,1076
862,1,1321
863,1,7218
864,1,4209
865,1,759
866,1,5639
867,1,1307
868,1,7470
869,1,8664
870,1,7555
871,1,8103
872,1,7844
873,1,509
874,1,738
875,1,9068
876,1,2153
877,1,2096
878,1,9503
879,0,5084
880,1,5522
881,1,8445
882,0,8197
883,1,8441
884,1,6197
885,1,2056
886,1,9929
887,1,852
888,1,3534
889,1,2273
890,1,8831
891,1,2384
892,1,6726
893,1,9468
894,1,913
895,1,7303
896,1,665
897,1,7724
898,1,7971
899,1,5905
900,1,7924
901,1,8882
902,1,6400
903,1,376
904,1,3484
905,1,2296
906,1,2976
907,1,1139
908,1,103
909,1,2174
910,1,527
911,1,9378
912,1,3225
913,1,3134
914,1,4074
915,1,173
916,1,2069
917,1,601
918,1,6469
919,1,8275
920,1,2323
921,1,106
922,1,9833
923,1,1059
924,1,678
925,1,5831
926,0,5045
927,1,2061
928,1,1411
929,1,5574
930,1,1980
931,0,6482
932,1,704
933,1,6334
934,1,6455
935,1,4130
936,1,7584
937,1,9306
938,1,9536
939,1,5897
940,1,435
941,1,9850
942,1,9193
943,1,8216
944,1,5625
945,1,1796
946,1,5365
947,1,2305
948,1,8025
949,1,6963
950,1,1119
951,1,8211
952,1,4314
953,1,6117
954,1,7142
955,1,1663
956,1,5021
957,1,3058
958,1,1617
959,1,7388
960,1,8066
961,1,5167
962,1,461
963,1,9131
964,1,5551
965,1,781
966,1,7195
967,1,6409
968,1,8819
969,1,8946
970,1,4681
971,1,9640
972,1,9797
973,1,3045
974,1,3224
975,1,5843
976,1,3991
977,1,7223
978,1,890
979,1,7583
980,1,375
981,1,1362
982,1,9307
983,1,7689
984,1,1265
985,1,996
986,1,4791
987,1,7682
988,1,5915
989,1,2529
990,1,1418
991,1,1225
992,1,998
993,1,6890
994,1,7588
995,1,2590
996,0,3861
997,1,6522
998,1,1631
999,1,6093
1000,1,5130
1001,1,2254
1002,1,6882
1003,1,3123
1004,1,3804
1005,1,3641
1006,1,847
1007,1,2105
1008,1,4087
1009,0,7273
1010,1,6568
1011,1,6427
1012,1,9760
1013,1,8825
1014,1,6328
1015,1,3136
1016,1,6870
1017,1,4373
1018,1,3202
1019,1,6499
1020,1,4804
1021,1,5088
1022,1,6120
1023,1,8506
1024,1,3608
1025,1,3874
1026,1,401
1027,1,3522
1028,1,9020
1029,0,6759
1030,1,8944
1031,1,8770
1032,1,8658
1033,1,111
1034,1,7792
1035,1,9535
1036,1,7038
1037,1,4376
1038,1,4785
1039,1,1879
1040,1,3987
1041,1,5073
1042,1,143
1043,1,9914
1044,1,8289
1045,1,5105
1046,1,4938
1047,1,6861
1048,0,5825
1049,1,7488
1050,1,6654
1051,1,2540
1052,1,6053
1053,1,8520
1054,1,7219
1055,1,7433
1056,1,7759
1057,1,2219
1058,1,556
1059,1,8413
1060,1,5829
1061,1,1173
1062,1,761
1063,1,6580
1064,1,9137
1065,1,649
1066,1,3028
1067,1,4980
1068,1,7556
1069,1,2047
1070,1,6205
1071,1,6737
1072,1,7346
1073,1,9393
1074,1,3909
1075,1,3617
1076,1,1065
1077,1,1574
1078,1,4536
1079,1,5949
1080,1,1058
1081,1,1220
1082,1,1568
1083,1,9355
1084,1,3928
1085,1,222
1086,1,707
1087,1,4877
1088,1,7619
1089,1,2967
1090,1,588
1091,1,6974
1092,1,6492
1093,1,9067
1094,1,2318
1095,1,2040
1096,1,3462
1097,1,484
1098,1,6798
1099,0,2764
1100,1,5780
1101,1,207
1102,1,1429
1103,1,2736
1104,1,4482
1105,0,3607
1106,1,4835
1107,1,8407
1108,1,6247
1109,0,1592
1110,1,3095
1111,1,187
1112,1,1544
1113,1,6787
1114,1,6183
1115,1,1051
1116,1,6181
1117,1,2716
1118,1,3910
1119,1,1545
1120,1,627
1121,1,5454
1122,1,8916
1123,1,6885
1124,1,124
1125,1,2322
1126,1,3383
1127,1,7135
1128,1,1245
1129,1,7132
1130,1,2834
1131,0,4412
1132,1,1817
1133,1,2554
1134,1,6578
1135,1,5976
1136,1,8571
1137,1,9591
1138,1,9770
1139,1,6074
1140,1,6751
1141,0,7509
1142,1,2747
1143,1,570
1144,1,9449
1145,1,322
1146,1,2111
1147,1,9145
1148,1,8331
1149,1,5351
1150,0,3500
1151,1,1603
1152,1,9581
1153,1,5856
1154,1,1408
1155,1,3301
1156,1,3213
1157,1,724
1158,1,9849
1159,1,663
1160,1,4435
1161,1,1727
1162,1,147
1163,1,1365
1164,0,4554
1165,1,5590
1166,1,3430
1167,0,1235
1168,1,5007
1169,1,3137
1170,1,7697
1171,1,8721
1172,1,8137
1173,1,9534
1174,1,2418
1175,1,9674
1176,1,8444
1177,1,8832
1178,1,6365
1179,1,6797
1180,0,1682
1181,1,2391
1182,1,9789
1183,1,219
1184,1,5541
1185,1,622
1186,1,8324
1187,1,7166
1188,1,9495
1189,1,6312
1190,1,9726
1191,1,4895
1192,1,4181
1193,1,6710
1194,1,6631
1195,1,1868
1196,1,531
1197,0,3109
1198,1,7911
1199,1,1517
1200,1,2102
1201,1,767
1202,1,2723
1203,1,2663
1204,1,6045
1205,1,3034
1206,1,6720
1207,1,7870
1208,1,7981
1209,1,6807
1210,1,4716
1211,0,3486
1212,1,8869
1213,1,6622
1214,1,5592
1215,1,6155
1216,1,4893
1217,1,5583
1218,1,9798
1219,1,6878
1220,1,2297
1221,1,3793
1222,1,1744
1223,1,3501
1224,1,371
1225,1,4344
1226,1,5118
1227,1,9358
1228,1,8455
1229,1,6230
1230,1,8190
1231,1,4085
1232,1,8637
1233,1,3422
1234,1,3482
1235,1,3999
1236,1,8629
1237,1,4215
1238,1,6666
1239,1,9147
1240,1,7560
1241,1,5696
1242,1,4569
1243,1,9318
1244,1,3067
1245,1,3511
1246,1,3387
1247,1,7358
1248,1,6960
1249,1,2090
1250,1,5596
1251,1,8051
1252,0,549
1253,1,3436
1254,1,3081
1255,1,9616
1256,1,4906
1257,1,2213
1258,1,8304
1259,1,9322
1260,1,9376
1261,1,9458
1262,0,1590
1263,1,3988
1264,1,5604
1265,1,9879
1266,1,4522
1267,1,5428
1268,1,1610
1269,1,8979
1270,1,6028
1271,1,7923
1272,1,8724
1273,1,8776
1274,1,360
1275,1,1110
1276,1,3690
1277,1,8623
1278,1,5997
1279,1,4172
1280,1,851
1281,1,9806
1282,1,2450
1283,1,3217
1284,1,2331
1285,1,843
1286,1,3765
1287,1,1318
1288,1,659
1289,1,6590
1290,1,5303
1291,1,4994
1292,1,6425
1293,1,2775
1294,1,9604
1295,1,554
1296,1,2949
1297,1,4677
1298,1,436
1299,1,9842
1300,1,229
1301,1,6490
1302,1,9729
1303,0,3590
1304,0,4981
1305,1,721
1306,1,6020
1307,1,3675
1308,1,6591
1309,1,8773
1310,1,5141
1311,1,4497
1312,1,6920
1313,1,4048
1314,1,748
1315,1,864
1316,1,7080
1317,1,6463
1318,1,6858
1319,1,6058
1320,1,4869
1321,0,3525
1322,1,1097
1323,1,9136
1324,1,9483
1325,1,4014
1326,1,6035
1327,1,3160
1328,1,1915
1329,1,4377
1330,1,6713
1331,1,8414
1332,1,6763
1333,1,7854
1334,1,826
1335,1,2071
1336,1,8621
1337,1,1627
1338,0,2164
1339,1,2155
1340,1,382
1341,1,3478
1342,1,6617
1343,1,3973
1344,1,2156
1345,1,139
1346,0,4472
1347,1,7468
1348,1,1099
1349,1,5194
1350,1,142
1351,1,8715
1352,1,4456
1353,1,5916
1354,1,869
1355,1,8565
1356,1,3539
1357,1,9377
1358,1,8267
1359,1,5065
1360,1,212
1361,1,7451
1362,1,7318
1363,1,101
1364,1,6284
1365,1,7656
1366,1,4434
1367,1,4330
1368,1,4679
1369,0,552
1370,1,2205
1371,1,8097
1372,1,7349
1373,1,8010
1374,1,3138
1375,1,4991
1376,1,7374
1377,1,7736
1378,1,2271
1379,1,9454
1380,1,3523
1381,1,5455
1382,1,9956
1383,1,412
1384,1,9771
1385,1,905
1386,1,1945
1387,1,1128
1388,1,8082
1389,1,3647
1390,1,4975
1391,0,4454
1392,1,1345
1393,1,4751
1394,1,2988
1395,1,4671
1396,1,1328
1397,1,7577
1398,1,3
1399,1,7483
1400,1,6571
1401,1,6855
1402,1,2110
1403,1,9071
1404,1,1770
1405,1,3355
1406,1,2432
1407,1,5498
1408,1,6531
1409,1,6280
1410,1,4034
1411,1,1788
1412,0,4747
1413,1,9022
1414,1,1884
1415,1,5753
1416,1,9791
1417,1,8083
1418,1,7146
1419,1,8519
1420,1,9653
1421,1,7513
1422,1,8680
1423,1,6056
1424,0,4379
1425,1,6634
1426,1,2009
1427,1,8155
1428,1,8948
1429,1,6105
1430,1,5799
1431,1,2709
1432,1,7558
1433,0,3107
1434,1,573
1435,1,6424
1436,1,8534
1437,1,5797
1438,1,8032
1439,1,6324
1440,1,3828
1441,1,1278
1442,1,4452
1443,1,9061
1444,1,8462
1445,1,9762
1446,1,9471
1447,1,9159
1448,1,5828
1449,0,4986
1450,1,3841
1451,1,3072
1452,1,6611
1453,1,7160
1454,1,3404
1455,1,7224
1456,1,7975
1457,1,2225
1458,1,8530
1459,1,1427
1460,1,3957
1461,1,3800
1462,1,8038
1463,1,4753
1464,0,5217
1465,1,874
1466,0,6507
1467,1,936
1468,1,123
1469,1,3348
1470,1,2962
1471,1,4177
1472,1,6754
1473,1,6874
1474,0,5396
1475,1,1613
1476,1,6851
1477,1,8033
1478,0,1419
1479,1,1756
1480,1,2026
1481,1,7765
1482,1,1773
1483,1,5732
1484,1,2233
1485,1,2912
1486,1,349
1487,1,1472
1488,1,7653
1489,1,7002
1490,1,1101
1491,1,8857
1492,1,5726
1493,1,886
1494,1,8969
1495,1,2995
1496,1,20
1497,0,4558
1498,1,4370
1499,1,7419
1500,1,4236
1501,1,3888
1502,1,1015
1503,1,1439
1504,1,5144
1505,1,7521
1506,1,903
1507,1,1476
1508,1,3578
1509,1,5902
1510,1,8603
1511,1,3265
1512,1,8836
1513,1,5708
1514,1,6435
1515,1,5763
1516,1,7891
1517,0,3050
1518,1,7615
1519,1,7966
1520,0,6504
1521,1,2209
1522,1,6936
1523,1,2999
1524,1,2947
1525,1,4235
1526,1,7228
1527,1,3258
1528,1,4155
1529,1,1205
1530,1,3932
1531,1,1081
1532,1,9900
1533,1,5913
1534,0,4675
1535,0,1251
1536,0,5308
1537,1,1890
1538,1,6385
1539,1,5158
1540,1,5930
1541,1,3626
1542,1,3983
1543,1,6163
1544,1,8156
1545,1,4924
1546,1,6829
1547,1,1650
1548,1,5879
1549,1,660
1550,1,9708
1551,1,9684
1552,1,441
1553,1,1639
1554,0,77
1555,1,6497
1556,0,4963
1557,1,5608
1558,1,5838
1559,1,6510
1560,1,6454
1561,1,2685
1562,1,9542
1563,1,6520
1564,1,742
1565,1,1233
1566,1,1618
1567,1,8128
1568,1,6718
1569,1,5107
1570,1,3377
1571,1,2104
1572,1,862
1573,1,4827
1574,1,1654
1575,1,7114
1576,1,3536
1577,1,317
1578,1,9372
1579,1,7694
1580,1,7279
1581,1,4176
1582,1,7731
1583,1,1485
1584,1,1651
1585,1,7908
1586,1,7213
1587,1,9808
1588,1,3241
1589,1,8981
1590,1,8450
1591,1,3162
1592,1,2189
1593,1,4995
1594,1,9736
1595,1,1861
1596,0,4116
1597,1,6761
1598,1,3248
1599,1,14
1600,1,6762
1601,1,5091
1602,1,2021
1603,1,1465
1604,1,9570
1605,1,8646
1606,1,9196
1607,1,7181
1608,1,2542
1609,1,3347
1610,1,3149
1611,1,6251
1612,0,3183
1613,1,9093
1614,1,9634
1615,1,8472
1616,1,21
1617,0,5509
1618,1,8091
1619,1,6934
1620,1,5725
1621,1,6721
1622,1,6748
1623,1,834
1624,1,9380
1625,1,7785
1626,1,3084
1627,0,3573
1628,1,4574
1629,1,288
1630,1,8820
1631,1,9844
1632,1,6171
1633,1,8685
1634,1,6906
1635,1,5338
1636,1,1498
1637,1,4692
1638,1,8163
1639,1,203
1640,1,9352
1641,1,5818
1642,1,4955
1643,1,7497
1644,1,8779
1645,0,6347
1646,1,6745
1647,1,4846
1648,1,3005
1649,1,5874
1650,1,3078
1651,1,5953
1652,1,2004
1653,1,4443
1654,1,3664
1655,1,2974
1656,0,9755
1657,0,6589
1658,1,8364
1659,1,7097
1660,1,518
1661,1,9916
1662,0,4473
1663,1,6653
1664,1,9082
1665,1,850
1666,1,2769
1667,1,5650
1668,1,76
1669,1,1383
1670,1,8062
1671,1,1055
1672,1,1844
1673,1,7423
1674,1,2727
1675,1,551
1676,1,9312
1677,1,7919
1678,0,6613
1679,1,9790
1680,1,354
1681,1,876
1682,1,7227
1683,1,6975
1684,1,9182
1685,1,1706
1686,1,3454
1687,1,8955
1688,1,1106
1689,1,6132
1690,1,8235
1691,1,5033
1692,1,3381
1693,1,3283
1694,1,55
1695,1,158
1696,1,1379
1697,1,6926
1698,1,2120
1699,1,9397
1700,1,2869
1701,1,893
1702,1,2783
1703,1,3378
1704,1,7220
1705,1,2465
1706,1,5749
1707,1,1178
1708,1,2752
1709,1,9117
1710,1,35
1711,1,4066
1712,1,6935
1713,1,2700
1714,1,6244
1715,1,1370
1716,1,6715
1717,1,8233
1718,1,5768
1719,1,1126
1720,1,3551
1721,1,895
1722,1,5082
1723,1,6188
1724,1,4200
1725,1,4175
1726,1,9722
1727,1,5349
1728,1,7876
1729,1,7190
1730,1,4990
1731,1,6198
1732,1,8238
1733,1,1754
1734,0,2330
1735,1,6265
1736,1,7602
1737,1,5247
1738,1,3965
1739,1,6662
1740,1,9382
1741,1,9142
1742,1,3609
1743,1,7175
1744,1,3007
1745,1,4638
1746,1,8222
1747,1,3434
1748,0,4501
1749,1,3826
1750,1,7994
1751,1,1699
1752,1,2034
1753,1,2636
1754,1,2460
1755,1,1870
1756,1,9114
1757,1,1414
1758,1,5384
1759,1,2830
1760,0,4570
1761,1,3669
1762,1,4268
1763,1,1826
1764,1,9112
1765,1,3414
1766,1,7698
1767,1,6059
1768,1,6165
1769,1,5087
1770,0,4563
1771,1,5597
1772,1,4225
1773,1,3221
1774,0,2329
1775,1,2694
1776,1,1949
1777,1,1376
1778,1,9462
1779,1,7783
1780,1,4964
1781,1,1697
1782,1,5720
1783,1,3171
1784,1,667
1785,1,4997
1786,1,3575
1787,1,750
1788,1,6900
1789,1,8904
1790,1,489
1791,1,9457
1792,1,3709
1793,1,5676
1794,1,7983
1795,1,1487
1796,1,6323
1797,1,5632
1798,1,7677
1799,1,1204
1800,1,4273
1801,1,8537
1802,1,8477
1803,1,9685
1804,1,8600
1805,1,409
1806,1,7341
1807,1,2146
1808,1,5486
1809,1,9350
1810,1,6104
1811,1,4795
1812,1,9232
1813,1,776
1814,1,5378
1815,1,9038
1816,1,9473
1817,1,3466
1818,1,2197
1819,0,4411
1820,1,9263
1821,1,5200
1822,1,7229
1823,1,9229
1824,0,9667
1825,1,1979
1826,1,8893
1827,1,7613
1828,1,8239
1829,1,8166
1830,1,1781
1831,1,5343
1832,1,8361
1833,1,9446
1834,1,267
1835,1,9734
1836,0,4490
1837,1,228
1838,1,8531
1839,1,594
1840,1,7794
1841,1,2139
1842,1,8649
1843,1,24
1844,1,4341
1845,1,2149
1846,1,1490
1847,1,4317
1848,1,912
1849,1,4818
1850,1,4499
1851,1,5151
1852,1,1272
1853,1,4089
1854,1,338
1855,1,5770
1856,1,9928
1857,1,1102
1858,1,9116
1859,1,3718
1860,1,7204
1861,1,9191
1862,1,5540
1863,1,8076
1864,1,7192
1865,1,9249
1866,1,6968
1867,1,468
1868,1,8278
1869,0,4765
1870,1,5080
1871,1,1203
1872,1,2423
1873,1,2121
1874,1,6869
1875,1,7963
1876,1,8507
1877,0,4731
1878,0,3446
1879,1,8751
1880,1,7452
1881,1,7357
1882,1,5206
1883,1,7617
1884,1,3411
1885,1,6966
1886,1,383
1887,1,8967
1888,1,8718
1889,1,7598
1890,1,5172
1891,1,1298
1892,1,8692
1893,1,7375
1894,1,3961
1895,1,346
1896,1,264
1897,1,7958
1898,1,276
1899,1,9679
1900,1,1194
1901,1,608
1902,1,8556
1903,1,7179
1904,1,1137
1905,1,6151
1906,1,878
1907,1,5281
1908,1,5034
1909,1,8194
1910,1,2776
1911,1,253
1912,1,302
1913,1,9836
1914,1,2125
1915,1,6044
1916,1,607
1917,1,1134
1918,1,3395
1919,1,9268
1920,1,9244
1921,1,2507
1922,1,3419
1923,1,8669
1924,1,6501
1925,1,7344
1926,1,463
1927,1,3922
1928,1,821
1929,1,6872
1930,0,6519
1931,1,4287
1932,1,7162
1933,1,8368
1934,1,8454
1935,1,6216
1936,1,3444
1937,1,9538
1938,1,8645
1939,1,2936
1940,1,7910
1941,1,5678
1942,0,7425
1943,1,6315
1944,1,7455
1945,1,9402
1946,1,470
1947,1,1919
1948,1,1275
1949,1,651
1950,1,6856
1951,1,5982
1952,1,4319
1953,1,2207
1954,1,6703
1955,1,5098
1956,1,150
1957,1,2826
1958,1,2469
1959,1,4076
1960,1,4429
1961,1,3652
1962,1,6908
1963,1,8492
1964,1,4523
1965,1,5817
1966,0,4560
1967,1,1078
1968,1,7298
1969,1,9952
1970,1,9169
1971,1,1847
1972,1,4133
1973,1,2553
1974,1,7361
1975,1,7102
1976,1,2960
1977,1,4897
1978,1,1481
1979,1,7720
1980,1,259
1981,1,6485
1982,1,7926
1983,1,9816
1984,1,7312
1985,1,1008
1986,1,6138
1987,1,8111
1988,1,5209
1989,1,4310
1990,1,3418
1991,1,2639
1992,1,3956
1993,1,1483
1994,1,609
1995,1,684
1996,1,4811
1997,1,3757
1998,1,2948
1999,1,1085
2000,1,8789
2001,1,7025
2002,1,9474
2003,1,5716
2004,1,3869
2005,1,152
2006,1,8122
2007,1,3693
2008,1,3313
2009,0,3867
2010,1,4839
2011,1,7767
2012,1,2014
2013,1,5859
2014,1,7686
2015,1,389
2016,1,8116
2017,1,5704
2018,1,9508
2019,1,3602
2020,1,1105
2021,1,3033
2022,1,213
2023,1,134
2024,1,6207
2025,1,2317
2026,1,9878
2027,0,7847
2028,0,3328
2029,1,1449
2030,1,6802
2031,1,8147
2032,1,1259
2033,1,6414
2034,1,2220
2035,1,6533
2036,1,1094
2037,1,6234
2038,1,9939
2039,1,8371
2040,1,2719
2041,1,7726
2042,1,6353
2043,1,4306
2044,0,5302
2045,1,7768
2046,1,9874
2047,1,4890
2048,1,3592
2049,1,3226
2050,1,1003
2051,1,4629
2052,1,9130
2053,1,6241
2054,1,4669
2055,1,679
2056,1,1804
2057,1,7442
2058,1,5477
2059,1,4549
2060,1,6174
2061,1,7176
2062,1,3704
2063,1,8098
2064,1,8172
2065,1,9493
2066,1,6032
2067,1,7964
2068,1,7978
2069,1,6073
2070,1,1252
2071,1,1644
2072,1,56
2073,1,644
2074,1,9703
2075,0,3865
2076,1,9326
2077,1,753
2078,1,440
2079,1,6100
2080,1,9439
2081,1,5939
2082,1,558
2083,1,1986
2084,1,5889
2085,1,6098
2086,1,7093
2087,1,5226
2088,1,3161
2089,1,8694
2090,1,7418
2091,1,1747
2092,0,3342
2093,0,2851
2094,1,4258
2095,1,3656
2096,1,9735
2097,0,2160
2098,1,330
2099,0,673
2100,1,9699
2101,1,6889
2102,1,5505
2103,1,4057
2104,1,9855
2105,1,8376
2106,1,244
2107,1,3413
2108,1,8953
2109,1,9989
2110,1,2945
2111,1,5179
2112,1,1632
2113,1,9097
2114,1,926
2115,1,5495
2116,1,918
2117,1,5451
2118,1,2295
2119,1,1187
2120,1,9769
2121,0,6842
2122,1,1601
2123,1,3651
2124,1,4598
2125,1,475
2126,1,2750
2127,1,9631
2128,1,7173
2129,0,2212
2130,1,7851
2131,1,5240
2132,1,959
2133,1,7108
2134,1,991
2135,1,3797
2136,1,8780
2137,1,8990
2138,1,2720
2139,1,1463
2140,1,7208
2141,1,6635
2142,1,1049
2143,1,8327
2144,1,6407
2145,1,2522
2146,1,9773
2147,1,3470
2148,1,3589
2149,1,9113
2150,1,5075
2151,1,8189
2152,1,8991
2153,1,2820
2154,1,7394
2155,1,1566
2156,1,5979
2157,1,6023
2158,1,3795
2159,1,6784
2160,1,948
2161,1,9648
2162,1,7370
2163,0,8930
2164,1,7476
2165,1,2929
2166,1,2420
2167,1,8187
2168,1,7711
2169,1,9824
2170,0,4389
2171,1,3059
2172,1,8039
2173,1,9597
2174,1,1440
2175,1,7642
2176,1,7972
2177,1,2343
2178,1,8945
2179,1,2580
2180,1,8513
2181,1,8874
2182,0,5999
2183,1,9208
2184,1,4
2185,1,5023
2186,1,4460
2187,1,898
2188,1,7400
2189,1,1930
2190,0,7568
2191,1,8145
2192,1,1424
2193,1,4826
2194,1,5245
2195,1,8313
2196,1,5693
2197,0,4382
2198,1,5760
2199,1,2051
2200,1,116
2201,1,9090
2202,1,5439
2203,1,7770
2204,1,9520
2205,0,1542
2206,1,7134
2207,1,4892
2208,1,6222
2209,1,2717
2210,1,8714
2211,1,2008
2212,1,6778
2213,1,6637
2214,1,9265
2215,1,524
2216,1,3546
2217,1,8564
2218,1,8594
2219,1,8217
2220,0,7252
2221,1,1384
2222,1,3939
2223,1,3938
2224,1,9047
2225,1,9346
2226,1,1430
2227,1,196
2228,1,1200
2229,1,1279
2230,1,2888
2231,1,9714
2232,1,4840
2233,1,5282
2234,1,9329
2235,1,1508
2236,0,5826
2237,1,1575
2238,1,8468
2239,0,3764
2240,1,6664
2241,0,4117
2242,1,9314
2243,1,8606
2244,1,1797
2245,0,5993
2246,1,571
2247,1,1771
2248,1,6601
2249,1,5634
2250,1,7311
2251,1,5773
2252,1,973
2253,1,9594
2254,1,4573
2255,1,7345
2256,0,7687
2257,1,8431
2258,0,2166
2259,1,8744
2260,1,4021
2261,1,5197
2262,1,2171
2263,1,1454
2264,1,5946
2265,1,6728
2266,1,9235
2267,1,5434
2268,1,6931
2269,1,9676
2270,1,1177
2271,1,7301
2272,1,8852
2273,0,4414
2274,1,5622
2275,1,2215
2276,1,8824
2277,1,4349
2278,1,3263
2279,0,542
2280,1,5445
2281,1,5807
2282,1,8988
2283,1,941
2284,1,1648
2285,1,2489
2286,0,4653
2287,1,8345
2288,1,3350
2289,1,7058
2290,1,2081
2291,1,1009
2292,1,7477
2293,1,8756
2294,1,2521
2295,1,7412
2296,1,4031
2297,1,9777
2298,1,4239
2299,1,5096
2300,1,9102
2301,1,2210
2302,1,8003
2303,1,6297
2304,1,4974
2305,1,5875
2306,1,5042
2307,1,6639
2308,1,8365
2309,1,1634
2310,1,2198
2311,1,2908
2312,1,8495
2313,1,7236
2314,1,928
2315,1,1019
2316,1,6527
2317,1,7320
2318,1,4929
2319,1,98
2320,1,7843
2321,1,209
2322,0,4326
2323,1,1452
2324,1,4243
2325,1,603
2326,1,5231
2327,1,9155
2328,1,6850
2329,1,4166
2330,1,5876
2331,1,7917
2332,1,2019
2333,1,4941
2334,1,5480
2335,1,539
2336,1,6581
2337,1,6037
2338,1,5798
2339,1,7049
2340,1,5524
2341,1,717
2342,1,9595
2343,1,4145
2344,1,197
2345,1,7603
2346,1,7738
2347,1,7890
2348,1,5120
2349,1,8743
2350,1,3442
2351,1,3483
2352,1,4188
2353,1,7543
2354,1,7460
2355,1,1872
2356,1,5563
2357,0,4572
2358,1,7145
2359,1,1840
2360,1,9226
2361,1,7589
2362,1,2715
2363,1,3545
2364,1,114
2365,1,6706
2366,1,4923
2367,1,5957
2368,1,5552
2369,1,1995
2370,1,8205
2371,1,7384
2372,1,4247
2373,1,7557
2374,1,5018
2375,1,8389
2376,1,2933
2377,1,2358
2378,0,4513
2379,1,5806
2380,1,7903
2381,1,6213
2382,1,825
2383,1,1876
2384,1,7590
2385,0,4396
2386,1,1622
2387,1,7500
2388,1,5537
2389,1,3900
2390,1,7799
2391,1,920
2392,1,6304
2393,1,8700
2394,1,3490
2395,1,2246
2396,1,6812
2397,1,9743
2398,1,1707
2399,1,1572
2400,1,2832
2401,1,626
2402,1,8719
2403,1,3064
2404,1,3040
2405,1,7800
2406,1,1474
2407,1,3424
2408,1,7117
2409,1,4318
2410,1,2884
2411,0,4494
2412,1,4705
2413,1,2802
2414,1,7865
2415,1,9650
2416,1,3375
2417,1,1989
2418,1,7050
2419,1,6769
2420,1,9269
2421,1,488
2422,1,906
2423,1,5184
2424,1,8432
2425,1,2456
2426,1,6809
2427,1,2555
2428,1,2395
2429,1,3717
2430,1,1515
2431,1,9204
2432,1,23
2433,1,4098
2434,1,2342
2435,1,5506
2436,1,7832
2437,1,3561
2438,0,4803
2439,1,4224
2440,0,1333
2441,1,2265
2442,1,4673
2443,1,5525
2444,1,6982
2445,1,9095
2446,1,3688
2447,1,4726
2448,1,2906
2449,1,6331
2450,1,6003
2451,1,2523
2452,1,2564
2453,1,8354
2454,1,2630
2455,1,8094
2456,1,8209
2457,1,7174
2458,1,6321
2459,1,3846
2460,1,1503
2461,1,4823
2462,1,1769
2463,1,5327
2464,1,6793
2465,1,6564
2466,1,4083
2467,1,9472
2468,1,5121
2469,1,8213
2470,1,8641
2471,1,1910
2472,1,3998
2473,1,8007
2474,1,9185
2475,1,8912
2476,1,451
2477,1,2294
2478,1,4618
2479,1,2943
2480,1,5364
2481,1,4687
2482,1,86
2483,1,9212
2484,1,1042
2485,1,7379
2486,1,8174
2487,1,7861
2488,1,2143
2489,1,2144
2490,1,9890
2491,1,190
2492,1,1882
2493,1,5519
2494,1,3356
2495,1,2266
2496,1,7758
2497,1,9637
2498,1,5219
2499,1,7778
2500,1,3394
2501,1,8430
2502,1,3671
2503,1,1231
2504,1,8768
2505,1,9853
2506,1,2847
2507,1,5148
2508,1,5903
2509,0,756
2510,1,8447
2511,1,7068
2512,1,3384
2513,1,4195
2514,1,6448
2515,1,2990
2516,1,9745
2517,1,2664
2518,1,3023
2519,1,7620
2520,1,1431
2521,1,485
2522,1,7465
2523,1,7024
2524,1,7879
2525,1,6395
2526,1,993
2527,1,8508
2528,1,4006
2529,1,2578
2530,1,6250
2531,1,3915
2532,1,7608
2533,1,4783
2534,1,8812
2535,1,9615
2536,1,546
2537,1,6862
2538,1,4999
2539,1,5966
2540,1,7377
2541,1,7874
2542,1,1013
2543,1,6476
2544,1,5376
2545,1,4115
2546,1,8378
2547,1,1728
2548,1,1555
2549,1,7115
2550,1,9741
2551,1,655
2552,1,3410
2553,1,8755
2554,1,374
2555,1,7928
2556,1,2786
2557,1,4881
2558,1,5890
2559,1,94
2560,1,7128
2561,1,2179
2562,1,2387
2563,1,5257
2564,1,2641
2565,1,5941
2566,1,1114
2567,1,1521
2568,1,3598
2569,0,4887
2570,1,324
2571,0,6170
2572,1,7338
2573,1,9861
2574,1,3297
2575,1,7527
2576,1,9234
2577,1,9438
2578,1,7492
2579,1,6810
2580,0,1740
2581,1,7294
2582,1,9217
2583,1,8742
2584,1,9206
2585,1,4026
2586,1,5237
2587,1,1299
2588,1,1604
2589,1,6382
2590,1,4689
2591,1,2200
2592,1,5326
2593,1,602
2594,1,4655
2595,1,1179
2596,1,8693
2597,1,6338
2598,1,9704
2599,1,7319
2600,1,5887
2601,1,8546
2602,1,5006
2603,0,8192
2604,1,8716
2605,1,9484
2606,1,7747
2607,1,7022
2608,1,2204
2609,1,6102
2610,1,8837
2611,1,5232
2612,1,605
2613,1,1984
2614,0,4576
2615,1,5591
2616,1,7466
2617,1,9651
2618,1,4364
2619,1,3981
2620,1,7039
2621,1,8294
2622,1,969
2623,1,5878
2624,1,4520
2625,1,428
2626,1,3723
2627,1,1983
2628,0,5377
2629,1,5582
2630,1,2950
2631,1,2487
2632,1,309
2633,1,4879
2634,0,3449
2635,1,5564
2636,1,8482
2637,1,9689
2638,1,8798
2639,1,6048
2640,1,7315
2641,1,1170
2642,1,3474
2643,1,1709
2644,1,9210
2645,1,3367
2646,1,1953
2647,1,836
2648,1,793
2649,0,586
2650,1,9367
2651,1,7008
2652,1,9245
2653,1,4978
2654,1,8254
2655,0,1246
2656,1,1720
2657,1,6333
2658,1,3346
2659,1,7044
2660,1,7438
2661,1,8043
2662,1,2583
2663,1,2632
2664,1,6033
2665,1,9455
2666,1,2463
2667,1,1557
2668,1,3471
2669,1,8717
2670,1,9815
2671,1,7118
2672,1,5548
2673,1,5748
2674,1,3180
2675,1,9847
2676,1,4270
2677,1,4954
2678,1,8439
2679,1,2966
2680,1,7284
2681,1,1006
2682,1,9977
2683,0,6438
2684,1,3739
2685,1,2654
2686,1,6757
2687,1,5846
2688,1,6537
2689,0,7935
2690,1,5083
2691,1,9783
2692,1,8850
2693,1,8295
2694,1,2975
2695,1,6457
2696,1,709
2697,1,13
2698,1,1269
2699,1,3904
2700,1,8593
2701,1,8421
2702,1,1116
2703,1,3962
2704,1,5462
2705,1,3728
2706,1,1735
2707,1,720
2708,1,1920
2709,1,5108
2710,0,4510
2711,1,6684
2712,1,4727
2713,1,744
2714,1,2771
2715,1,5449
2716,1,7100
2717,1,4229
2718,1,5674
2719,1,9101
2720,1,1380
2721,1,6546
2722,1,3498
2723,1,8774
2724,1,7813
2725,1,4697
2726,1,1344
2727,1,6705
2728,1,1802
2729,0,4587
2730,1,8341
2731,1,5683
2732,1,2648
2733,1,5238
2734,1,2433
2735,1,9647
2736,1,652
2737,1,9258
2738,1,841
2739,1,5481
2740,1,7262
2741,1,6433
2742,1,5767
2743,1,9407
2744,1,8786
2745,1,126
2746,1,5068
2747,0,4404
2748,1,9619
2749,1,990
2750,1,8736
2751,1,7285
2752,1,7362
2753,1,567
2754,0,7286
2755,1,6932
2756,0,4901
2757,1,3165
2758,1,628
2759,1,4873
2760,1,4009
2761,1,4339
2762,1,1767
2763,1,5914
2764,0,585
2765,1,8093
2766,1,2767
2767,1,8834
2768,1,2524
2769,1,8925
2770,0,4378
2771,1,1014
2772,1,6532
2773,1,1500
2774,1,2486
2775,1,4504
2776,1,953
2777,1,9050
2778,1,2285
2779,1,8511
2780,1,5225
2781,1,8282
2782,1,1410
2783,1,6318
2784,1,7326
2785,1,7567
2786,1,9225
2787,1,2263
2788,1,6087
2789,1,2530
2790,0,4468
2791,1,5935
2792,0,2494
2793,1,7065
2794,1,4693
2795,1,9606
2796,1,8826
2797,1,1646
2798,1,6126
2799,1,3713
2800,1,5549
2801,1,121
2802,1,2055
2803,0,2858
2804,1,3243
2805,1,2749
2806,1,763
2807,1,6866
2808,1,3835
2809,1,8107
2810,1,188
2811,1,9425
2812,1,1856
2813,1,5893
2814,1,7163
2815,1,9009
2816,1,7693
2817,1,7310
2818,1,9040
2819,1,3719
2820,1,9456
2821,1,9785
2822,1,3516
2823,1,8867
2824,1,3672
2825,1,7178
2826,1,5865
2827,1,8562
2828,1,5687
2829,1,7934
2830,1,8392
2831,1,6871
2832,1,5747
2833,1,9799
2834,1,8835
2835,1,5920
2836,1,2461
2837,1,7221
2838,1,6106
2839,1,9368
2840,1,6024
2841,1,6202
2842,1,5133
2843,0,4388
2844,1,5253
2845,1,1464
2846,1,6346
2847,1,5069
2848,1,7529
2849,1,6049
2850,1,4108
2851,1,4190
2852,1,2031
2853,1,7984
2854,1,3233
2855,1,8765
2856,1,7997
2857,1,2561
2858,1,4905
2859,1,4282
2860,1,1547
2861,1,6055
2862,1,5114
2863,1,3120
2864,1,7156
2865,1,7852
2866,1,5192
2867,1,2288
2868,1,9906
2869,0,7087
2870,1,262
2871,1,7342
2872,1,9045
2873,1,9345
2874,1,7547
2875,0,3594
2876,1,2426
2877,1,6283
2878,1,7625
2879,1,3288
2880,1,1494
2881,1,9733
2882,1,5577
2883,1,6694
2884,1,4908
2885,1,4061
2886,1,1810
2887,1,3464
2888,1,3941
2889,1,1401
2890,1,5526
2891,1,2572
2892,1,3954
2893,1,9554
2894,1,7786
2895,0,7254
2896,1,7144
2897,1,5020
2898,1,6335
2899,0,4505
2900,1,4542
2901,1,3622
2902,1,9601
2903,1,1443
2904,1,2789
2905,1,647
2906,0,4477
2907,1,2446
2908,1,4448
2909,0,3018
2910,1,3951
2911,1,5733
2912,1,7323
2913,1,7801
2914,1,9725
2915,1,7420
2916,1,9579
2917,1,7007
2918,1,3698
2919,1,3397
2920,1,657
2921,1,4487
2922,1,2341
2923,1,3902
2924,1,4868
2925,1,7211
2926,1,8160
2927,1,340
2928,1,3307
2929,1,3325
2930,1,5026
2931,1,6690
2932,1,7658
2933,1,5538
2934,1,9007
2935,1,7070
2936,0,4564
2937,1,3508
2938,1,3359
2939,1,8806
2940,1,1160
2941,1,635
2942,1,6310
2943,1,5516
2944,1,9802
2945,1,7949
2946,1,3729
2947,1,5274
2948,1,7198
2949,1,89
2950,1,5422
2951,1,6752
2952,1,5883
2953,0,4548
2954,0,6081
2955,1,3584
2956,1,950
2957,1,3699
2958,1,8966
2959,1,356
2960,1,6445
2961,1,2226
2962,0,2852
2963,1,5329
2964,1,2678
2965,1,978
2966,1,6303
2967,1,5694
2968,1,325
2969,1,5743
2970,1,6942
2971,1,7257
2972,1,2173
2973,1,319
2974,1,4465
2975,1,1667
2976,1,6644
2977,1,1357
2978,1,8917
2979,1,7277
2980,1,9408
2981,1,8523
2982,0,2853
2983,1,5963
2984,1,1004
2985,1,7149
2986,0,4479
2987,1,3633
2988,1,9184
2989,1,2551
2990,1,8535
2991,1,6185
2992,1,3433
2993,1,8689
2994,1,2603
2995,1,5163
2996,1,9419
2997,1,5665
2998,0,4426
2999,1,8843
3000,1,3467
3001,1,5877
3002,1,7578
3003,1,290
3004,0,3026
3005,1,4767
3006,1,8296
3007,1,6014
3008,1,9841
3009,1,7060
3010,1,8947
3011,1,9183
3012,1,7995
3013,1,6647
3014,1,3871
3015,1,508
3016,1,4825
3017,1,8271
3018,1,8910
3019,1,85
3020,1,6979
3021,1,7661
3022,1,1192
3023,1,5313
3024,1,3958
3025,1,3117
3026,1,5072
3027,1,8810
3028,1,9109
3029,1,1354
3030,1,5942
3031,1,4489
3032,1,2710
3033,1,5014
3034,1,5977
3035,1,8588
3036,1,6814
3037,1,3077
3038,1,7986
3039,1,6953
3040,1,2048
3041,1,2729
3042,1,2361
3043,1,8983
3044,1,2410
3045,1,6555
3046,0,5385
3047,1,7540
3048,1,9587
3049,1,4799
3050,1,9166
3051,1,5575
3052,1,6369
3053,1,5695
3054,1,4251
3055,1,8481
3056,1,6919
3057,1,5648
3058,1,956
3059,1,7920
3060,1,6008
3061,1,7883
3062,1,506
3063,1,9730
3064,1,1080
3065,1,5785
3066,1,9793
3067,1,1848
3068,1,7336
3069,1,3227
3070,1,3743
3071,1,782
3072,1,3337
3073,1,8297
3074,1,206
3075,1,7980
3076,1,729
3077,1,5635
3078,1,4780
3079,1,2290
3080,1,774
3081,1,1031
3082,1,2645
3083,1,815
3084,1,6907
3085,1,9876
3086,1,2308
3087,1,8741
3088,1,6716
3089,1,8102
3090,1,1999
3091,1,1616
3092,1,3587
3093,1,2504
3094,1,6066
3095,1,8028
3096,1,5484
3097,1,313
3098,1,4018
3099,1,1897
3100,0,4651
3101,1,1675
3102,1,2277
3103,1,6852
3104,1,8096
3105,0,2689
3106,1,1067
3107,1,1256
3108,1,7929
3109,1,693
3110,1,8505
3111,1,3637
3112,1,5609
3113,1,5558
3114,1,9819
3115,1,6734
3116,0,6084
3117,1,6468
3118,1,974
3119,1,3044
3120,1,6995
3121,1,5386
3122,1,9033
3123,1,2064
3124,1,64
3125,1,2001
3126,1,4277
3127,1,2565
3128,1,5723
3129,1,3092
3130,1,787
3131,1,3781
3132,1,2284
3133,1,6245
3134,1,9998
3135,0,9988
3136,1,4632
3137,1,2131
3138,1,624
3139,1,8323
3140,1,6822
3141,1,1978
3142,1,3231
3143,1,816
3144,1,2785
3145,1,9706
3146,1,2681
3147,1,6731
3148,1,5013
3149,0,5394
3150,1,7753
3151,1,8322
3152,1,7675
3153,1,9118
3154,1,7478
3155,1,9643
3156,1,9499
3157,1,8206
3158,1,4858
3159,1,8823
3160,1,384
3161,1,8888
3162,1,1206
3163,1,4269
3164,1,1330
3165,1,650
3166,1,4162
3167,1,7005
3168,1,1701
3169,1,3321
3170,1,6570
3171,1,1026
3172,1,553
3173,1,2780
3174,1,9057
3175,1,2606
3176,1,3398
3177,1,2101
3178,1,7774
3179,1,619
3180,1,9436
3181,1,8856
3182,0,4796
3183,1,4150
3184,1,1820
3185,1,9541
3186,1,7416
3187,1,786
3188,1,7780
3189,1,1470
3190,1,5157
3191,1,532
3192,1,8504
3193,1,3401
3194,1,6224
3195,1,2003
3196,0,4562
3197,1,9598
3198,1,3049
3199,1,4935
3200,1,6412
3201,1,2941
3202,1,1218
3203,1,5727
3204,1,8577
3205,1,5210
3206,1,4725
3207,1,8962
3208,1,9803
3209,1,3819
3210,1,540
3211,1,6484
3212,1,8114
3213,1,2413
3214,1,8559
3215,1,2512
3216,1,3632
3217,0,4384
3218,0,4760
3219,0,4502
3220,0,4666
3221,1,4097
3222,0,4528
3223,1,4621
3224,0,4449
3225,0,4511
3226,0,4121
3227,0,4165
3228,0,4771
3229,1,4156
3230,0,4406
3231,0,4837
3232,0,4832
3233,0,4154
3234,0,4662
3235,0,4643
3236,0,4139
3237,0,4557
3238,0,4703
3239,0,4670
3240,0,4248
3241,1,4186
3242,1,3788
3243,0,4082
3244,0,4769
3245,0,4852
3246,0,4602
3247,0,4079
3248,0,4324
3249,1,3794
3250,0,4362
3251,0,4141
3252,1,4185
3253,0,4422
3254,0,5707
3255,0,51
3256,0,7537
3257,0,3458
3258,0,4049
3259,0,7084
3260,0,4343
3261,0,6933
3262,1,443
3263,1,2427
3264,0,5049
3265,1,2599
3266,0,1809
3267,0,4921
3268,1,1285
3269,1,6679
3270,1,7565
3271,1,4003
3272,0,1096
3273,0,3868
3274,0,4293
3275,0,1145
3276,0,1497
3277,0,3944
3278,1,9765
3279,0,4998
3280,1,6541
3281,0,4297
3282,0,195
3283,1,169
3284,1,2880
3285,0,3580
3286,1,8196
3287,0,6154
3288,1,7592
3289,1,3020
3290,0,7670
3291,0,4985
3292,1,3351
3293,0,9660
3294,0,2076
3295,0,2762
3296,0,4025
3297,0,9494
3298,0,7927
3299,1,1336
3300,1,9015
3301,1,1834
3302,1,587
3303,0,3357
3304,0,249
3305,0,6079
3306,0,243
3307,0,9831
3308,1,1335
3309,0,1163
3310,0,1162
3311,0,4815
3312,1,8847
3313,1,5142
3314,0,7088
3315,1,1510
3316,0,4647
3317,1,8358
3318,1,1088
3319,0,6760
3320,1,1683
3321,0,2865
3322,1,1997
3323,0,5310
3324,0,3866
3325,1,5402
3326,0,6420
3327,1,1303
3328,1,5554
3329,1,6961
3330,1,6914
3331,1,5510
3332,1,3066
